Istanbul, Trkiye
Paris, France
Madrid, Espaa
London, England
zmir, Trkiye
Manchester, England
Dublin City, Ireland
Glasgow, Scotland
Barcelona, Espaa
Birmingham, England
Camden Town, London
Edinburgh, Scotland
Ankara, Trkiye
Liverpool, England
Leeds, England
Camberwell, London
Lambeth, London
Roma, Lazio
Cardiff, Wales
Paddington, London
Sevilla, Espaa
Poplar, London
Sheffield, England
Antalya, Trkiye
Berlin, Deutschland
Islington, London
City of London, London
Bristol, England
Valencia, Espaa
Hackney, London
Adana, Trkiye
Wandsworth, London
Bursa, Trkiye
Berlin, Germany
Madrid, Spain
Kensington, London
Milano, Lombardia
Mlaga, Espaa
Amsterdam, The Netherlands
Belfast, Northern Ireland
Hammersmith, London
Barcelona, Spain
Tottenham, London
Hillingdon, London
Kocaeli, Trkiye
Cork, Ireland
Brent, London
Nottingham, England
Salford, England
Gaziantep, Trkiye
Lewisham, London
Lisboa, Portugal
Fingal, Ireland
Samsun, Trkiye
Barnet, London
Barcelona, Espanya
Nilfer, Trkiye
Sakarya, Trkiye
Richmond, London
Croydon, London
Trabzon, Trkiye
Brighton, England
Coventry, England
Newcastle Upon Tyne, England
Leicester, England
Lyon, France
Greenwich, London
Granada, Espaa
Yenimahalle, Trkiye
Marseille, France
Denizli, Trkiye
Bromley, London
Dun Laoghaire-Rathdown, Ireland
Eskiehir, Trkiye
Hounslow, London
Zaragoza, Espaa
Amsterdam, Nederland
Moscow, Russia
South Dublin, Ireland
Al Sharq, Kuwait
Hull, England
Warszawa, Polska
Stockholm, Sweden
Ealing, London
Southampton, England
Helsinki, Suomi
Stratford, London
Kayseri, Trkiye
Cambridge, England
Walthamstow, London
Murcia, Espaa
Reading, England
Derby, England
Seluklu, Trkiye
Oxford, England
Hamburg, Deutschland
Lisbon, Portugal
Enfield, London
Al Salmiyah, Kuwait
York, England
Merton, London
Palma, Espaa
Solihull, England
Galway, Ireland
Milton Keynes, England
Rome, Lazio
Al Qibla, Kuwait
Konya, Trkiye
Aberdeen, Scotland
Toulouse, France
Lille, France
Porto, Portugal
Manisa, Trkiye
Norwich, England
Stockport, England
East Ham, London
Urmston, England
Brussels, Belgium
Portsmouth, England
Kildare, Ireland
Kingston upon Thames, London
Mnchen, Deutschland
Helsinki, Finland
Crdoba, Espaa
Keiren, Trkiye
Stockholm, Sverige
Erzurum, Trkiye
Belgrade, Republic of Serbia
Edirne, Trkiye
Isparta, Trkiye
Haarlemmermeer, Nederland
Ilford, London
Warrington, England
West Bromwich, England
Rotterdam, Nederland
Crawley, South East
Etimesgut, Trkiye
Nice, France
Northampton, England
Dundee, Scotland
Diyarbakr, Trkiye
Prague, Czech Republic
Wien, sterreich
Bradford, England
Vienna, Austria
Copenhagen, Denmark
Stoke-on-Trent, England
Birkenhead, England
Swansea, Wales
Bournemouth, England
Valladolid, Espaa
Alicante, Espaa
Balkesir, Trkiye
Romford, London
Limerick, Ireland
Bolton, England
Kln, Deutschland
Bordeaux, France
Ashton-under-Lyne, England
Bilbao, Espaa
Oldham, England
Plymouth, England
Van, Trkiye
Sale, England
Al Rai, Kuwait
Elaz, Trkiye
Altnda, Trkiye
Aydn, Trkiye
Zahra, Kuwait
A Corua, Espaa
Milan, Lombardy
Oslo, Norway
Frankfurt am Main, Deutschland
Sabah Al Salem, Kuwait
Sivas, Trkiye
Torino, Piemonte
Rize, Trkiye
Dudley, England
Bath, England
Malatya, Trkiye
Preston, England
Budapest, Hungary
Chester, England
Hatay, Trkiye
Salamanca, Espaa
Strasbourg, France
Harrow, London
Praha, esk republika
Exeter, England
Mula, Trkiye
Huddersfield, England
Al Jabriyah, Kuwait
Gebze, Trkiye
Oviedo, Espaa
Montpellier, France
Napoli, Campania
Yalova, Trkiye
Sutton, London
Mersin, Trkiye
Ordu, Trkiye
Meath, Ireland
Bologna, Emilia Romagna
Cdiz, Espaa
Swindon, England
Yeniehir, Trkiye
Nantes, France
Sintra, Portugal
Tekirda, Trkiye
anakkale, Trkiye
Gijn, Espaa
Den Haag, Nederland
Odunpazar, Trkiye
Munich, Germany
Cheltenham, England
Bodrum, Trkiye
Al Shuwaikh Industrial, Kuwait
Eltham, London
Vigo, Espaa
Hove, England
Rotterdam, The Netherlands
Wolverhampton, England
Utrecht, Nederland
Uak, Trkiye
Byker, England
Alanya, Trkiye
Lincoln, England
Firenze, Toscana
Warsaw, Poland
Bolu, Trkiye
Hamburg, Germany
Ipswich, England
Al Wusta, Kuwait
Peterborough, England
Watford, East
Eindhoven, Nederland
orlu, Trkiye
Southend-on-Sea, East
L'Hospitalet de Llobregat, Espaa
Sunderland, England
Batman, Trkiye
Coast Strip B, Kuwait
Giresun, Trkiye
Seaforth, England
Afyonkarahisar, Trkiye
Zonguldak, Trkiye
Frankfurt on the Main, Germany
Tokat, Trkiye
Wicklow, Ireland
Kastamonu, Trkiye
Newport, Wales
Wigan, England
Groningen, Nederland
Rennes, France
Santander, Espaa
Worcester, England
Cheadle, England
Amasya, Trkiye
Luton, England
Almera, Espaa
Oporto, Portugal
anlurfa, Trkiye
Espoo, Suomi
Kerry, Ireland
Burdur, Trkiye
Garston, England
Saint Helens, England
Gateshead, England
Saad Al Abdullah, Kuwait
Middlesbrough, England
Colchester, England
Dsseldorf, Deutschland
Saint Petersburg, Russia
Bury, England
Harrogate, England
Kars, Trkiye
Aksaray, Trkiye
Vila Nova de Gaia, Portugal
Bartn, Trkiye
Getafe, Espaa
Jerez de la Frontera, Espaa
Poole, England
Donegal, Ireland
Antwerp, Belgium
Sinop, Trkiye
Utrecht, The Netherlands
Beograd, Srbija
Louth, Ireland
Bilecik, Trkiye
The Hague, The Netherlands
Vantaa, Suomi
Guildford, England
Alcal de Henares, Espaa
Gloucester, England
Wakefield, England
Elche, Espaa
Mamak, Trkiye
Mstoles, Espaa
Antwerpen, Belgi
Marbella, Espaa
Boulogne-Billancourt, France
Mardin, Trkiye
Paisley, Scotland
Barking, London
San Sebastin, Espaa
Chelmsford, East
Erzincan, Trkiye
Hawalli, Kuwait
Santiago de Compostela, Espaa
Osmaniye, Trkiye
Rochdale, England
Bexley, London
Coimbra, Portugal
Saint-Denis, France
Karabk, Trkiye
Legans, Espaa
Basingstoke, England
Cascais, Portugal
Doncaster, England
Woking, South East
Kbenhavn, Danmark
Macclesfield, England
Genova, Liguria
Karaman, Trkiye
Whitley Bay, England
Valencia, Spain
Vitoria-Gasteiz, Espaa
Alcorcn, Espaa
Geneva, Switzerland
Yozgat, Trkiye
Arnhem, Nederland
Qortuba, Kuwait
Bayan, Kuwait
Budapest, Magyarorszg
Kilis, Trkiye
erkezky, Trkiye
Shrewsbury, England
Bayburt, Trkiye
Cologne, Germany
Pozuelo de Alarcn, Espaa
Bingl, Trkiye
Kahramanmara, Trkiye
Pars, Francia
Oeiras, Portugal
Elsene, Belgi
Bruxelles, Belgique
Fuenlabrada, Espaa
Wexford, Ireland
Blackburn, England
Burgos, Espaa
Bykekmece, Trkiye
Cartagena, Espaa
Siirt, Trkiye
Badalona, Espaa
Zwolle, Nederland
Derince, Trkiye
Hitteen, Kuwait
Badajoz, Espaa
Loughborough, England
Jaber Al Ahmad City, Kuwait
Al Adailiya, Kuwait
Wednesfield, England
Riga, Latvia
Al Salam, Kuwait
Salwa, Kuwait
Middleton, England
Walsall, England
Waterford, Ireland
Zurich, Switzerland
Motherwell, Scotland
Huelva, Espaa
Mishrif, Kuwait
Clare, Ireland
Dewsbury, England
Brussel, Belgi
Worthing, England
Al Surra, Kuwait
Alcobendas, Espaa
East Kilbride, Scotland
Hakkari, Trkiye
Southall, London
Durham, England
Torbay, England
Stevenage, East
Seville, Spain
Artvin, Trkiye
Falkirk, Scotland
Gothenburg, Sweden
Rouen, France
South Shore, England
Barnsley, England
Braga, Portugal
Cceres, Espaa
Pamplona, Espaa
Rochester, South East
Carlisle, England
Ktahya, Trkiye
West Molesey, South East
Maidstone, South East
Slough, South East
Cambuslang, Scotland
Halifax, England
Le Mesnil-Amelot, France
Kilkenny, Ireland
Bitlis, Trkiye
Nancy, France
Darlington, England
Fethiye, Trkiye
Saint Albans, East
Albacete, Espaa
Almada, Portugal
Len, Espaa
Terrassa, Espaa
Toledo, Espaa
Al Mirqab, Kuwait
Al Rumaithiya, Kuwait
Bedford, England
Blackpool, England
Leipzig, Deutschland
Zrich, Schweiz
Airport Area, Kuwait
Krakw, Polska
Southport, England
Jan, Espaa
Tilburg, Nederland
Ardahan, Trkiye
Ayr, Scotland
Kuadas, Trkiye
Canterbury, England
Palermo, Sicilia
Castelln de la Plana, Espaa
Eastbourne, England
Grimsby, England
Burnley, England
South Shields, England
Adyaman, Trkiye
Al Shuhada, Kuwait
Bneid Al Qar, Kuwait
Dos Hermanas, Espaa
Crayford, London
Mayo, Ireland
Stafford, England
Amadora, Portugal
Chesterfield, England
Crewe, England
Malaga, Spain
Amersfoort, Nederland
Gteborg, Sverige
Las Rozas de Madrid, Espaa
Sabadell, Espaa
ayrova, Trkiye
Maia, Portugal
Mubarak Al Kabeer, Kuwait
Nanterre, France
Stuttgart, Deutschland
Venezia, Veneto
Gent, Belgi
Loures, Portugal
Amiens, France
Staines-upon-Thames, South East
Bucharest, Romania
Gillingham, England
Maidenhead, South East
Haarlem, Nederland
Hemel Hempstead, East
Angers, France
el Prat de Llobregat, Espanya
Luxembourg
El Prat de Llobregat, Espaa
Hannover, Deutschland
Laois, Ireland
Renfrew, Scotland
Carlton, England
Krakow, Poland
Royal Tunbridge Wells, England
Dsseldorf, Germany
Barry, Wales
Al Rawda, Kuwait
Matosinhos, Portugal
Metz, France
Solna, Sverige
Courbevoie, France
Hastings, England
Londonderry, Northern Ireland
Puteaux, France
Reims, France
Al Adan, Kuwait
Bandrma, Trkiye
Kingswood, England
Talas, Trkiye
Abdullah Al Mubarak - West Jleeb, Kuwait
Florence, Tuscany
Nijmegen, Nederland
Aix-en-Provence, France
Breda, Nederland
Logroo, Espaa
San Sebastin de los Reyes, Espaa
Al Egaila, Kuwait
Dortmund, Deutschland
West Bridgford, England
Wrocaw, Polska
Al Andalous, Kuwait
Hamilton, Scotland
Genve, Suisse
Hilversum, Nederland
Tunceli, Trkiye
Basildon, East
Greenock, Scotland
Stirling, Scotland
Tarragona, Espaa
Cannes, France
Epsom, South East
Kifan, Kuwait
Wrexham, Wales
Leamington Spa, England
Taunton, England
Enschede, Nederland
Newcastle-under-Lyme, England
Bracknell, England
High Wycombe, England
Rotherham, England
Rugby, England
Villeurbanne, France
Almere, Nederland
Grays, East
Inverness, Scotland
Orlans, France
Widnes, England
Dzce, Trkiye
orum, Trkiye
Beeston, England
Folkestone, England
Tours, France
Ourense, Espaa
Perth, Scotland
Stockton-on-Tees, England
The Green Belt, Kuwait
Neuilly-sur-Seine, France
Sant Cugat del Valls, Espaa
's-Hertogenbosch, Nederland
Verona, Veneto
West Meath, Ireland
Torrejn de Ardoz, Espaa
Winchester, England
Essen, Deutschland
Montreuil, France
Uppsala, Sverige
Redhill, South East
Al Mansouriyah, Kuwait
Cornell de Llobregat, Espaa
Tampere, Suomi
Girona, Espaa
Setbal, Portugal
Dijon, France
Levallois-Perret, France
Odivelas, Portugal
Seixal, Portugal
Wallasey, England
Mansfield, England
Wilmslow, England
Bonn, Deutschland
Crteil, France
Harlow, East
Sint-Gillis, Belgi
Sligo, Ireland
Dunston, England
Eastleigh, England
Burton upon Trent, England
Darca, Trkiye
Ghent, Belgium
Oslo, Norge
Tamworth, England
Caen, France
Dunfermline, Scotland
Fleetwood, England
Gdask, Polska
Kartepe, Trkiye
Al Jahra, Kuwait
Al Mangaf, Kuwait
Aveiro, Portugal
Farnborough, South East
Krklareli, Trkiye
Lancaster, England
Roma, Lacio
Al Yarmouk, Kuwait
Broxbourne, East
Malmo, Sweden
Weston-super-Mare, England
Apeldoorn, Nederland
Deventer, Nederland
Pontypridd, Wales
Rga, Latvija
Delft, Nederland
Issy-les-Moulineaux, France
Yreir, Trkiye
Hartlepool, England
Versailles, France
Al Qusour, Kuwait
Baiskele, Trkiye
Toroslar, Trkiye
Berln, Alemania
Castlereagh, Northern Ireland
Clydebank, Scotland
Marmaris, Trkiye
Al Ahmady City, Kuwait
Le Havre, France
Malm, Sverige
negl, Trkiye
Dresden, Deutschland
Funchal, Portugal
Grenoble, France
Le Mans, France
Pozna, Polska
Gueliz, Royaume du Maroc
Hatfield, East
Kilmarnock, Scotland
skenderun, Trkiye
The Sea Front, Kuwait
Lytham St. Annes, England
Redditch, England
Scarborough, England
Ashford, England
Brentwood, East
Huyton-with-Roby, England
Nuneaton, England
Edremit, Trkiye
Gondomar, Portugal
Salisbury, England
Chessy, France
Loughton, East
Welwyn Garden City, East
Zaanstad, Nederland
Bangor, Northern Ireland
North Tipperary, Ireland
Abdulla Al Salem, Kuwait
Wibsey, England
Coast Strip C, Kuwait
Dordrecht, Nederland
Lleida, Espaa
Margate, England
Sabah Al Nasser, Kuwait
San Vicente del Raspeig, Espaa
Dartford, South East
Torremolinos, Espaa
Toulon, France
Asnires-sur-Seine, France
Banbury, England
Leeuwarden, Nederland
Hereford, England
Ciudad Real, Espaa
Esher, South East
Al Qurain, Kuwait
Bremen, Deutschland
Fiumicino, Lazio
Guadalajara, Espaa
Chorley, England
Gildersome, England
Nevehir, Trkiye
Pontevedra, Espaa
San Fernando, Espaa
Llanelli, Wales
Stratford-Upon-Avon, England
d, Polska
Kirkcaldy, Scotland
Lisburn, Northern Ireland
Akaabat, Trkiye
Aylesbury, England
Caerphilly, Wales
El Puerto de Santa Mara, Espaa
Ellesmere Port, England
Halesowen, England
Newbury, England
Redcar, England
Warwick, England
eme, Trkiye
Majadahonda, Espaa
Rivas-Vaciamadrid, Espaa
Stuttgart, Germany
Al Qasr, Kuwait
Hitchin, England
Monaco
South Tipperary, Ireland
Tallinn, Estonia
Livingston, Scotland
Matar, Espaa
Penarth, Wales
Coatbridge, Scotland
Frederiksberg, Danmark
Nide, Trkiye
Clermont-Ferrand, France
Runcorn, England
Algeciras, Espaa
Canik, Trkiye
Nrnberg, Deutschland
Ereli, Trkiye
Lige, Belgique
Longbenton, England
Milngavie, Scotland
Sapanca, Trkiye
Brest, France
Clichy, France
Gravesend, South East
Leiria, Portugal
Saint-Etienne, France
Tarsus, Trkiye
Turku, Suomi
Bari, Puglia
Kettering, England
Lugo, Espaa
Northwich, England
Abu Ftaira, Kuwait
Al Ardhiya, Kuwait
Barakaldo, Espaa
Manavgat, Trkiye
Saram, Trkiye
Valdemoro, Espaa
Venice, Veneto
Horsham, England
Sincan, Trkiye
Benalmdena, Espaa
Camberley, South East
Faro, Portugal
Palma, Spain
Gosport, England
Locks Heath, England
Alcal de Guadara, Espaa
Aubervilliers, France
Aulnay-sous-Bois, France
Girona, Espanya
Nazilli, Trkiye
Perpignan, France
Filton, England
Parma, Emilia Romagna
Saint Helier, Bailiwick of Jersey
Windsor, South East
Arnavutky, Trkiye
Broadstairs, England
Citt della Pieve, Umbria
Eivissa, Espaa
Leigh, England
Loul, Portugal
Telford, England
Hadiya, Kuwait
Limoges, France
Nmes, France
Parla, Espaa
Sigtuna, Sverige
Al Shuwaikh Health, Kuwait
Colombes, France
Fareham, England
Gibraltar
Zoetermeer, Nederland
Al Faiha, Kuwait
Bridgend, Wales
Coslada, Espaa
Lleburgaz, Trkiye
Villeneuve-d'Ascq, France
Al Khaldiya, Kuwait
Al Sabahiya, Kuwait
Chichester, England
Corby, England
Merthyr Tydfil, Wales
Trnby, Danmark
Al Farwaniya, Kuwait
Carlow, Ireland
Mons, Norway
Mrida, Espaa
Willenhall, England
Ede, Nederland
Leiden, Nederland
Mudanya, Trkiye
Novi Sad, Republic of Serbia
Roubaix, France
Charleroi, Belgique
Oulu, Suomi
Amstelveen, Nederland
Modena, Emilia Romagna
Paterna, Espaa
Walkden, England
Wallsend, England
Al Daiyah, Kuwait
Amsterdam, Holanda
Cannock, England
Fuengirola, Espaa
Great Yarmouth, England
Nieuwegein, Nederland
Offaly, Ireland
Schaarbeek, Belgi
Silivri, Trkiye
Vila Franca de Xira, Portugal
Granada, Spain
Irvine, Scotland
Washington, England
Zamora, Espaa
Bochum, Deutschland
Catania, Sicilia
Doha Residential, Kuwait
Katowice, Polska
King's Lynn, England
Lowestoft, England
Reus, Espaa
Thornliebank, Scotland
Turin, Piedmont
Zaventem, Belgi
Al Fintas, Kuwait
Al Shaab, Kuwait
Ashbeliah, Kuwait
Banstead, South East
Borehamwood, East
Bury Saint Edmunds, England
Cerdanyola del Valls, Espaa
Chiclana de la Frontera, Espaa
Gdynia, Polska
Gemlik, Trkiye
Haywards Heath, England
Kidderminster, England
Newburn, England
Potsdam, Deutschland
Salihli, Trkiye
Sandiacre, England
Trieste, Friuli-Venezia Giulia
vila, Espaa
Andover, England
Ardiya Small Industrial, Kuwait
Cagliari, Sardegna
Khaitan, Kuwait
Newark-on-Trent, England
Al Qadisiyah, Kuwait
Albufeira, Portugal
Oadby, England
Wiesbaden, Deutschland
Al Mahboula, Kuwait
Al Riqai, Kuwait
Bishop's Stortford, East
Bognor Regis, England
Poitiers, France
Schiedam, Nederland
Mubarak Al Abdullah, Kuwait
Padova, Veneto
Tourcoing, France
Tres Cantos, Espaa
Wokingham, England
Barrow-in-Furness, England
Brescia, Lombardia
Douglas, Isle of Man
Leyland, England
Marbella, Spain
Pantin, France
Weymouth, England
Al Fahaheel, Kuwait
Avils, Espaa
Guimares, Portugal
Ivry-sur-Seine, France
Truro, England
Aarhus, Danmark
Al Dasma, Kuwait
Al Shuwaikh, Kuwait
Castelldefels, Espaa
Kendal, England
Leidschendam-Voorburg, Nederland
Mafra, Portugal
Newtownabbey, Northern Ireland
Scunthorpe, England
Cavan, Ireland
Prato, Toscana
Stichtse Vecht, Nederland
Tremblay-en-France, France
Vitry-sur-Seine, France
Arhus, Denmark
Benidorm, Espaa
Esplugues de Llobregat, Espaa
Ferrol, Espaa
Guiseley, England
Havant, England
Lichfield, England
Monza, Lombardia
Santa Coloma de Gramenet, Espaa
Tarragona, Espanya
Vincennes, France
Brampton, England
Bucureti, Romnia
Barreiro, Portugal
Bicester, England
Bonn, Germany
Bromsgrove, England
Coast Strip A, Kuwait
Granollers, Espaa
Meyrin, Suisse
Mijas, Espaa
Rub, Espaa
Tarancn, Espaa
Walton-le-Dale, England
Wellingborough, England
Abingdon, England
Antibes, France
Beverley, England
Christchurch, England
Drancy, France
Dubln, Irlanda
Lund, Sverige
Mnster, Deutschland
nye, Trkiye
Oberding, Deutschland
Segovia, Espaa
Ullensaker, Norge
Doxford Park, England
Glenrothes, Scotland
Jnkping, Sverige
Prescot, England
Vsters, Sverige
Accrington, England
Cergy, France
Great Malvern, England
Jyvskyl, Suomi
Littlehampton, England
Nuremberg, Germany
Akhisar, Trkiye
Etterbeek, Belgi
Falmouth, England
Glck, Trkiye
Gouda, Nederland
Mezitli, Trkiye
Puerto Real, Espaa
Argenteuil, France
Arras, France
Besanon, France
Chippenham, England
Cramlington, England
Egham, South East
Hoylake, England
Huddinge, Sverige
Lewes, England
Lorca, Espaa
Newport, England
Sint-Joost-ten-Node, Belgi
Talavera de la Reina, Espaa
Vila Nova de Famalico, Portugal
Aalborg, Danmark
Aranjuez, Espaa
Dunstable, England
Estepona, Espaa
Kloten, Schweiz
Lahti, Suomi
Lelystad, Nederland
Mulhouse, France
Perugia, Umbria
Pisa, Toscana
Saint-Ouen, France
Tonbridge, South East
Vlez-Mlaga, Espaa
Dcines-Charpieu, France
La Courneuve, France
Melilla, Espaa
Montrouge, France
Roquetas de Mar, Espaa
Santa Maria da Feira, Portugal
Ajaccio, France
Al Nuzha, Kuwait
Duisburg, Deutschland
Ilkeston, England
Letchworth, England
Molina de Segura, Espaa
Rimini, Emilia Romagna
Torrevieja, Espaa
Turgutlu, Trkiye
Valongo, Portugal
Airdrie, Scotland
Assen, Nederland
Bern, Schweiz
Billericay, East
Fontenay-sous-Bois, France
Horwich, England
Krkkale, Trkiye
Rawtenstall, England
Saarbrcken, Deutschland
Sevenoaks, South East
Waterlooville, England
Aberystwyth, Wales
Cuenca, Espaa
Fatsa, Trkiye
Mainz, Deutschland
Mannheim, Deutschland
Market Harborough, England
Sant Boi de Llobregat, Espaa
Sant Joan Desp, Espaa
Alphen aan den Rijn, Nederland
Boadilla del Monte, Espaa
Didcot, England
Emmen, Nederland
Hinckley, England
ankr, Trkiye
Evry, France
Great Harwood, England
Leighton Buzzard, England
Noisy-le-Grand, France
Roscommon, Ireland
Velsen, Nederland
Viladecans, Espaa
Vilnius, Lithuania
Anderlecht, Belgi
Ayvalk, Trkiye
Bergamo, Lombardia
Burgess Hill, England
Collado Villalba, Espaa
Keighley, England
Kortrijk, Belgi
Mu, Trkiye
Ormskirk, England
Ske, Trkiye
Dover, England
Oberhausen, Deutschland
Valenciennes, France
Vicenza, Veneto
Worksop, England
Avignon, France
Benfleet, East
Bilbao, Spain
Jaber Al Ali, Kuwait
Lansingerland, Nederland
Odense, Danmark
Portimo, Portugal
Aldershot, England
Alicante, Spain
Bangor, Wales
Bobigny, France
Dunmurry, Northern Ireland
Frome, England
Heerenveen, Nederland
Hertford, East
Hindley, England
Lausanne, Suisse
Massy, France
Nacka, Sverige
Paray-Vieille-Poste, France
Salerno, Campania
Siddiq, Kuwait
Terrassa, Espanya
Torres Vedras, Portugal
Al Ferdous, Kuwait
Alkmaar, Nederland
Berkhamsted, England
Gandia, Espaa
Grantham, England
Harpenden, East
Horley, South East
Qairawan - South Doha, Kuwait
Sabadell, Espanya
Tampere, Finland
Brno, esk republika
Calais, France
Ely, England
Erfurt, Deutschland
Glba, Trkiye
Leipzig, Germany
Murcia, Spain
Norrkping, Sverige
Palencia, Espaa
Westland, Nederland
Whyteleafe, South East
Brugge, Belgi
De Bilt, Nederland
Elgin, Scotland
Heswall, England
Kirkintilloch, Scotland
Linkping, Sverige
Musselburgh, Scotland
rebro, Sverige
Sagunto, Espaa
Torbal, Trkiye
Valncia, Espanya
Wroclaw, Poland
Al Shamiya, Kuwait
Bruges, Belgium
Kiel, Deutschland
Maisons-Alfort, France
Pau, France
Roissy-en-France, France
Rueil-Malmaison, France
Siero, Espaa
Wellington, England
Al Riqqa, Kuwait
Antequera, Espaa
aramba, Trkiye
Ballymena, Northern Ireland
Calvi, Espaa
Helsingborg, Sverige
Ixelles, Belgique
Oss, Nederland
Pontefract, England
Reggio nell'Emilia, Emilia Romagna
Safranbolu, Trkiye
Santarm, Portugal
Shoreham-by-Sea, England
Ceuta, Espaa
Farnham, England
Gmhane, Trkiye
Leyden, The Netherlands
Monaghan, Ireland
Vila do Conde, Portugal
Antony, France
Dumfries, Scotland
Karlsruhe, Deutschland
Mairena del Aljarafe, Espaa
Newry, Northern Ireland
Pinto, Espaa
Potters Bar, East
Saint Ives, England
Sanlcar de Barrameda, Espaa
Schnefeld, Deutschland
Sollentuna, Sverige
Torrent, Espaa
Udine, Friuli-Venezia Giulia
Woerden, Nederland
Bredbury, England
Chestfield, England
Didim, Trkiye
Fnaitees, Kuwait
Hanover, Germany
Ingliston, Scotland
Kenilworth, England
Maastricht, Nederland
Stroud, England
Utrera, Espaa
Vilanova i la Geltr, Espaa
Ar, Trkiye
Berne, Switzerland
Bielefeld, Deutschland
Castleford, England
Chamonix-Mont-Blanc, France
Charenton-le-Pont, France
Gennevilliers, France
Kirkby, England
Knutsford, England
Pescara, Abruzzo
Saragossa, Spain
Sarcelles, France
Trondheim, Norway
Veenendaal, Nederland
Villejuif, France
Barcelone, Espagne
Bishopbriggs, Scotland
Chester-le-Street, England
Huesca, Espaa
Malakoff, France
Marratx, Espaa
Newton-le-Willows, England
Paredes, Portugal
Praga, Repblica Checa
Sant Adri de Bess, Espaa
Sittingbourne, England
Szczecin, Polska
Barcelos, Portugal
Gav, Espaa
Mechelen, Belgi
Miranda de Ebro, Espaa
Montcada i Reixac, Espaa
Ravenna, Emilia Romagna
Rincn de la Victoria, Espaa
Risley, England
Steenokkerzeel, Belgi
Al Omariya, Kuwait
Alfortville, France
Bafra, Trkiye
Cwmbran, Wales
La Rinconada, Espaa
Neath, Wales
Palmela, Portugal
Ponferrada, Espaa
Saint-Maur-des-Fosss, France
Utrechtse Heuvelrug, Nederland
Zeewolde, Nederland
Al Masayel, Kuwait
Al Sulaibikhat, Kuwait
Aliaa, Trkiye
Arar, Kingdom of Saudi Arabia
Bridgwater, England
Dedridge, Scotland
Dunkerque, France
Fleet, England
Glossop, England
Lausanne, Switzerland
Parigi, Francia
Plasencia, Espaa
Ramsbottom, England
Sakaka, Kingdom of Saudi Arabia
Schwechat, sterreich
Suresnes, France
Castletown, England
Cluj-Napoca, Romnia
Kzltepe, Trkiye
Milas, Trkiye
Rijswijk, Nederland
San Fernando de Henares, Espaa
Sontra, Deutschland
Venlo, Nederland
Viseu, Portugal
Almelo, Nederland
Ashton-in-Makerfield, England
Bingley, England
Blyth, England
Carmarthen, Wales
Champigny-sur-Marne, France
l'Hospitalet de Llobregat, Espanya
Linares, Espaa
Maastricht, The Netherlands
Manresa, Espaa
Sainte-Lizaigne, France
Torrelavega, Espaa
Trowbridge, England
Bexhill, England
Cirencester, England
Dumbarton, Scotland
Higher Penwortham, England
Huntingdon, England
Krehir, Trkiye
Le Blanc-Mesnil, France
Leuven, Belgi
Madrid, Espagne
Mnchengladbach, Deutschland
Mrignac, France
Orihuela, Espaa
Sitges, Espaa
Villeneuve-Saint-Georges, France
Wuppertal, Deutschland
Badalona, Espanya
Clifton, England
Diemen, Nederland
Epinay-sur-Seine, France
Hoddesdon, East
Ovar, Portugal
Sant Cugat del Valls, Espanya
Thessaloniki, Greece
Tyldesley, England
Villarreal, Espaa
Wickford, East
Yeovil, England
Zeist, Nederland
Burjassot, Espaa
Cumbernauld, Scotland
De Ronde Venen, Nederland
Getxo, Espaa
Kirk Ella, England
Kuopio, Suomi
La Rochelle, France
Louvain, Belgium
Maghull, England
Naples, Campania
Saint-Gilles, Belgique
Sevran, France
Ume, Sverige
Aachen, Deutschland
Aberavon, Wales
Amersham, South East
Basel, Schweiz
Bastia, France
Birkenshaw, Scotland
Camas, Espaa
Honley, England
Llandudno, Wales
Mina Abdulla, Kuwait
Novi Sad, Srbija
Portishead, England
Stamford, England
Sutton in Ashfield, England
Villaviciosa de Odn, Espaa
Antrim, Northern Ireland
Arcueil, France
Bondy, France
Brighouse, England
Brum, Norge
Halle (Saale), Deutschland
Hessle, England
Krfez, Trkiye
Magdeburg, Deutschland
Meudon, France
Piacenza, Emilia Romagna
Rickmansworth, East
Saint-Germain-en-Laye, France
Sant Feliu de Llobregat, Espaa
Sartrouville, France
Barrhead, Scotland
Deal, England
Felixstowe, England
Heerlen, Nederland
Hospitalet de Llobregat, Spain
Ilkley, England
Livorno, Toscana
Nantwich, England
Saint Austell, England
Sittard-Geleen, Nederland
Torrelodones, Espaa
Viena, Austria
Yate, England
Arganda del Rey, Espaa
Bishop Auckland, England
Clacton-on-Sea, England
Colmenar Viejo, Espaa
Formby, England
Marrakesh Medina, Morocco
Mauregard, France
Montijo, Portugal
Rhyl, Wales
Rothwell, England
Saint Andrews, Scotland
Sdertlje, Sverige
Selby, England
Witney, England
Al Oyoun, Kuwait
Alexandria, Scotland
Ancona, Marche
Barendrecht, Nederland
Boston, England
Bragana, Portugal
Buxton, England
Gvle, Sverige
Llantrisant, Wales
Mislata, Espaa
Oldenburg (Oldenburg), Deutschland
Sint-Lambrechts-Woluwe, Belgi
Soria, Espaa
Up Holland, England
Agdal Riyad, Royaume du Maroc
Alhaurn de la Torre, Espaa
Basel, Switzerland
Capelle aan den IJssel, Nederland
Ferrara, Emilia Romagna
Hucknall, England
Leatherhead, South East
Llucmajor, Espaa
Newmarket, England
Rosny-sous-Bois, France
Royston, England
Abergavenny, Wales
Amsterdam, Pays-Bas
Benidorm, Spain
Biga, Trkiye
Blagnac, France
Braunschweig, Deutschland
Burnham-on-Sea, England
Gelsenkirchen, Deutschland
Graz, sterreich
Jleeb Al Shiyoukh, Kuwait
Minehead, England
Motril, Espaa
Soma, Trkiye
Sundbyberg, Sverige
Troms, Norway
Wageningen, Nederland
Arrecife, Espaa
Augsburg, Deutschland
Botkyrka, Sverige
Bradley Stoke, England
Bridge of Allan, Scotland
Brno, Czech Republic
Caldas da Rainha, Portugal
Camargo, Espaa
Clevedon, England
Dorking, South East
Fahad Al Ahmad, Kuwait
Le Grand-Saconnex, Suisse
Lleida, Espanya
Mirfield, England
Ouder-Amstel, Nederland
Pessac, France
Saint-Cloud, France
Turku, Finland
Whiteabbey, Northern Ireland
Al Nasseem, Kuwait
Bruselas, Blgica
El Maarif, Royaume du Maroc
Hengelo, Nederland
Heywood, England
Longford, Ireland
Lule, Sverige
Mossley, England
Oran , Algeria
Portugalete, Espaa
Saint-Nazaire, France
Sdwest Frysln, Nederland
Thionville, France
Troyes, France
Wishaw, Scotland
Alloa, Scotland
Braunstone, England
Como, Lombardia
demi, Trkiye
Doetinchem, Nederland
Dorchester, England
East Grinstead, South East
Gdansk, Poland
Gentofte, Danmark
Helmond, Nederland
Lagoa, Portugal
Newton Abbot, England
Niort, France
Palaiseau, France
Silopi, Trkiye
Swadlincote, England
Teruel, Espaa
Tomares, Espaa
Vlaardingen, Nederland
Witham, East
Bagneux, France
Blaydon, England
Bron, France
Chtillon, France
Darmstadt, Deutschland
Douai, France
Idr, Trkiye
Melton Mowbray, England
Messina, Sicilia
Mollet del Valls, Espaa
Newton Mearns, Scotland
Penzance, England
Ronda, Espaa
Schaerbeek, Belgique
Shotton, Wales
Stavanger, Norway
Vxj, Sverige
Bremen, Germany
Budapest, Hungra
Chelles, France
Clamart, France
El Ejido, Espaa
Erdemli, Trkiye
Evreux, France
Ghornata, Kuwait
Karasu, Trkiye
Langreo, Espaa
Manresa, Espanya
Menemen, Trkiye
Pijnacker-Nootdorp, Nederland
Rayleigh, East
Roermond, Nederland
Taranto, Puglia
Westhoughton, England
Al Rehab, Kuwait
Alboraya, Espaa
Armilla, Espaa
Blackwood, Wales
Calpe, Espaa
Congleton, England
Drtyol, Trkiye
Ebbw Vale, Wales
Hmeenlinna, Suomi
Lagos, Portugal
Moita, Portugal
Pvoa de Varzim, Portugal
Sesto San Giovanni, Lombardia
Tby, Sverige
Trento, Trentino-Alto Adige
Woodley, England
Almendralejo, Espaa
Bagnolet, France
Braintree, East
Ceyhan, Trkiye
Coleraine, Northern Ireland
Corbeil-Essonnes, France
Cordova, Spain
Hendek, Trkiye
Karamrsel, Trkiye
Kean, Trkiye
Krefeld, Deutschland
Marcq-en-Baroeul, France
Matar, Espanya
Meaux, France
Mijas, Spain
Newquay, England
Newtownards, Northern Ireland
Noisy-le-Sec, France
Polatl, Trkiye
Portadown, Northern Ireland
Puertollano, Espaa
Purmerend, Nederland
Reggio di Calabria, Calabria
Totton, England
Waltham Abbey, East
Whitby, England
Arroyomolinos, Espaa
Ashington, England
Azuqueca de Henares, Espaa
Berlin, Allemagne
Blois, France
Chapeltown, England
Covilh, Portugal
Dortmund, Germany
Freiburg im Breisgau, Deutschland
Galapagar, Espaa
Heerhugowaard, Nederland
Henley-on-Thames, England
Herne Bay, England
Johnstone, Scotland
Lorient, France
Noordoostpolder, Nederland
Penrith, England
Sachseln, Schweiz
Saint-Malo, France
Sompting, England
Uddingston, Scotland
vora, Portugal
Belper, England
Bergen, Norge
Billingham, England
Bors, Sverige
Bridge of Don, Scotland
Caernarfon, Wales
Culleredo, Espaa
Halewood, England
Karlstad, Sverige
Lens, France
Novara, Piemonte
Stains, France
Valdepeas, Espaa
Ware, East
Windermere, England
Winsford, England
Annecy, France
Barnstaple, England
Black Pill, Wales
Cagnes-sur-Mer, France
Carrickfergus, Northern Ireland
Dereham, England
Dnia, Espaa
Droitwich, England
Guyancourt, France
Holywood, Northern Ireland
Ingleby Barwick, England
Kampen, Nederland
Linlithgow, Scotland
Mannheim, Germany
Marlow, South East
Miln, Lombarda
Palma, Espanya
Salzburg, Austria
Vlizy-Villacoublay, France
Wiesbaden, Germany
Zuidplas, Nederland
Abu Halifa, Kuwait
Aintree, England
Amsterdo, Holanda (Pases Baixos)
Anderlecht, Belgique
Annesley, England
Arbroath, Scotland
Bergama, Trkiye
Choisy-le-Roi, France
Colmar, France
Consett, England
Daventry, England
Haslingden, England
Hebburn, England
Katwijk, Nederland
Keynsham, England
La Lnea de la Concepcin, Espaa
Le Kremlin-Bictre, France
Leverkusen, Deutschland
Lurgan, Northern Ireland
Manises, Espaa
Oliveira de Azemis, Portugal
Otley, England
Pavia, Lombardia
Saint Peter Port, Bailiwick of Guernsey
Salzburg, sterreich
Sint-Niklaas, Belgi
Svres, France
Vilagarca de Arousa, Espaa
Vnissieux, France
Al Rabiya, Kuwait
Bourges, France
Cachan, France
Corringham, East
Dundonald, Northern Ireland
Heidelberg, Germany
Jahran Industrial, Kuwait
Latina, Lazio
Leitrim, Ireland
Mechelen, Belgium
Monkstown, Northern Ireland
Northallerton, England
Ossett, England
Poissy, France
rgp, Trkiye
Rostock, Deutschland
Salamanca, Spain
Santa Pola, Espaa
Spalding, England
Sudbury, East
Welton, England
Ardrossan, Scotland
Biarritz, France
Castle Donington, England
Cesena, Emilia Romagna
Clitheroe, England
Coalville, England
Copenhague, Dinamarca
Ditton, South East
Eskilstuna, Sverige
Essen, Germany
Franconville, France
Lbeck, Deutschland
Leioa, Espaa
Lublin, Polska
Midden-Drenthe, Nederland
Mustafakemalpaa, Trkiye
Navalcarnero, Espaa
Nizip, Trkiye
Oosterhout, Nederland
Orhangazi, Trkiye
Rushden, England
Saint-Herblain, France
Serris, France
South West Sulibikhat, Kuwait
Thornaby on Tees, England
Treorchy, Wales
Uccle, Belgique
Uppermill, England
Varese, Lombardia
Whitehaven, England
Aalst, Belgi
Bayonne, France
Beauvais, France
Biggleswade, England
Devizes, England
Genoa, Liguria
Golborne, England
Hoorn, Nederland
Houten, Nederland
Lancy, Suisse
Meppel, Nederland
Penafiel, Portugal
Peterlee, England
Pierrefitte-sur-Seine, France
Saint-Bon-Tarentaise, France
Salfords, South East
Sandbach, England
Sidi Belyout, Royaume du Maroc
Siena, Toscana
Treviso, Veneto
Vaulx-en-Velin, France
Villepinte, France
Wassenaar, Nederland
Akyaz, Trkiye
Al Ardhiya Government Uses, Kuwait
Aston, England
Barneveld, Nederland
Bathgate, Scotland
Benalmdena, Spain
Biaystok, Polska
Chesham, South East
Don Benito, Espaa
Dronfield, England
Hasselt, Belgi
Kumluca, Trkiye
Liding, Sverige
Poznan, Poland
Rugeley, England
San Juan de Aznalfarache, Espaa
Silves, Portugal
Skipton, England
Soest, Nederland
Stowmarket, England
Teylingen, Nederland
Ukkel, Belgi
Al Naeem, Kuwait
Atherton, England
Berlim, Alemanha
Bozyk, Trkiye
Cambrils, Espaa
Exmouth, England
Grigny, France
Hamm, Deutschland
Heanor, England
Inverkeithing, Scotland
Kragujevac, Srbija
Lappeenranta, Suomi
Nogent-sur-Marne, France
Pontypool, Wales
Queensferry, Scotland
Roosendaal, Nederland
Saint-Laurent-du-Var, France
Saint-Martin-de-Belleville, France
Sidi Belyout, Morocco
Sint-Jans-Molenbeek, Belgi
Somerton, Wales
Standish, England
Tas, Spain
Tire, Trkiye
Vilvoorde, Belgi
Alcoy, Espaa
Avonmouth, England
Bedworth, England
Bois-Colombes, France
Bonnyrigg and Lasswade, Scotland
Charleville-Mzires, France
Church Village, Wales
Dilovas, Trkiye
Dinnington, England
Dresden, Germany
Dunblane, Scotland
Faversham, England
Forl, Emilia Romagna
Geldermalsen, Nederland
Gelibolu, Trkiye
Girona, Spain
Gonesse, France
guilas, Espaa
Hebden Bridge, England
Hedge End, England
Jrvenp, Suomi
Karacabey, Trkiye
Lebrija, Espaa
Lecce, Puglia
Mlndal, Sverige
Mold, Wales
Morpeth, England
Newton Aycliffe, England
Noordwijk, Nederland
Reus, Espanya
Smallingerland, Nederland
Vandoeuvre-ls-Nancy, France
Zwijndrecht, Nederland
Bir Mourad Ras , Algeria
Canvey Island, East
Carmona, Espaa
cija, Espaa
Cottingham, England
Den Helder, Nederland
Forest, Belgique
Frjus, France
Garges-ls-Gonesse, France
Goes, Nederland
Grangemouth, Scotland
Harderwijk, Nederland
Heidelberg, Deutschland
ile, Trkiye
Inca, Espaa
Kassel, Deutschland
Katowice, Poland
Kazan, Russia
La Garenne-Colombes, France
Lodz, Poland
Lucena, Espaa
Midyat, Trkiye
Mnara, Royaume du Maroc
Monachil, Espaa
Montgeron, France
Neuss, Deutschland
Pursaklar, Trkiye
Ramstein-Miesenbach, Deutschland
Retford, England
Rho, Lombardia
Saint-Mand, France
Samara, Russia
Sceaux, France
Sleaford, England
Spijkenisse, Nederland
Vannes, France
Vila Real, Portugal
Workington, England
Arroyo de la Encomienda, Espaa
Bergen op Zoom, Nederland
Bziers, France
Cadiz, Spain
Cobham, South East
Creil, France
Espinho, Portugal
Foggia, Puglia
Gnen, Trkiye
Halmstad, Sverige
Kemer, Trkiye
La Spezia, Liguria
Las Rozas de Madrid, Spain
Lucca, Toscana
Mieres, Espaa
Mnich, Alemania
Montigny-le-Bretonneux, France
North Hykeham, England
Ridderkerk, Nederland
Ryde, England
Saint Neots, England
Saint-Quentin, France
Sant Just Desvern, Espaa
Schiltigheim, France
Skedsmo, Norge
Skewen, Wales
Thatcham, England
Vanves, France
Vejle, Danmark
Viana do Castelo, Portugal
Vic, Espaa
Whickham, England
Zutphen, Nederland
Albergaria-a-Velha, Portugal
Alcantarilla, Espaa
Aldaia, Espaa
Bucksburn, Scotland
Bussum, Nederland
Bussy-Saint-Georges, France
Canillo, Andorra
Colwyn Bay, Wales
Crtama, Espaa
East Garforth, England
Elda, Espaa
Gentilly, France
Getafe, Spain
Glastonbury, England
Godalming, England
Gorseinon, Wales
Hexham, England
Houghton-le-Spring, England
Hyres, France
Kilwinning, Scotland
Kittil, Suomi
Laval, France
Mitry-Mory, France
Mlheim an der Ruhr, Deutschland
Oakengates, England
Olho, Portugal
Ostrava, esk republika
Port Talbot, Wales
Quedgeley, England
Redruth, England
Romsey, England
Santo Tirso, Portugal
Silifke, Trkiye
Siverek, Trkiye
South Normanton, England
Terni, Umbria
Thiais, France
Twyford, England
A Corua, Spain
Akakoca, Trkiye
Al Waha, Kuwait
Algiers , Algeria
Brecon, Wales
Bridlington, England
Bucak, Trkiye
Chemnitz, Deutschland
Cherbourg-Octeville, France
Chteauroux, France
Cracovia, Polonia
Estocolmo, Suecia
Florencia, Toscana
Graz, Austria
Humanes de Madrid, Espaa
Jerez de la Frontera, Spain
Krasnodar, Russia
La Roche-sur-Yon, France
Lomme, France
Narbonne, France
Ripon, England
Rota, Espaa
Saffron Walden, East
Seluk, Trkiye
Sint-Pieters-Woluwe, Belgi
Sundsvall, Sverige
Talence, France
Todmorden, England
University of Sussex, England
Valence, France
Vilafranca del Peneds, Espaa
Villanueva de la Caada, Espaa
Westhill, Scotland
Alton, England
Andorra la Vella, Andorra
Berwick-upon-Tweed, England
Besenzone, Emilia Romagna
Burntwood, England
Cerdanyola del Valls, Espanya
Chambry, France
Dalkeith, Scotland
Diest, Belgi
Donostia-San Sebastin, Spain
Elche, Spain
iftlikky, Trkiye
Jrflla, Sverige
Krkhan, Trkiye
Los Barrios, Espaa
Lugano, Svizzera
Malton, England
Melun, France
Menderes, Trkiye
Normanton, England
Oleiros, Espaa
Paderborn, Deutschland
Plymstock, England
Porthcawl, Wales
Portstewart, Northern Ireland
Rainhill, England
Rijssen-Holten, Nederland
Romainville, France
Seaham, England
Troon, Scotland
Vatican City
Aberdare, Wales
Alcochete, Portugal
Ames, Espaa
An Chock, Royaume du Maroc
Bergen, Nederland
Broughton, Wales
Bushey, East
Castro-Urdiales, Espaa
Chertsey, South East
Cieza, Espaa
Dar El Beda , Algeria
Figueres, Espaa
Haverhill, East
Koblenz, Deutschland
Mantes-la-Jolie, France
Marignane, France
Matlock, England
Mina Doha, Kuwait
Mougins, France
Nijkerk, Nederland
Oakham, England
Pombal, Portugal
San Bartolom, Espaa
Santurtzi, Espaa
Seaford, England
Strood, South East
Thetford, England
Valladolid, Spain
Vigneux-sur-Seine, France
Vlissingen, Nederland
Wymondham, England
Aalsmeer, Nederland
Alcobaa, Portugal
Antas de Ulla, Espaa
Bydgoszcz, Polska
Champs-sur-Marne, France
Coychurch, Wales
Demealt, Trkiye
Dorridge, England
Gainsborough, England
Genk, Belgi
Granollers, Espanya
Greetland, England
Hagen, Deutschland
Hardenberg, Nederland
Haren, Nederland
Innsbruck, Austria
Irun, Espaa
Kennington, England
Knaresborough, England
Kozan, Trkiye
Marrakech Mdina, Royaume du Maroc
Molenbeek-Saint-Jean, Belgique
Ortaca, Trkiye
Oviedo, Spain
Rheden, Nederland
Risca, Wales
Spata-Loutsa, Greece
Spennymoor, England
Stainton, England
Timioara, Romnia
Vic, Espanya
Vigo, Spain
Villeneuve-la-Garenne, France
Viranehir, Trkiye
Viterbo, Lazio
Zabierzw, Polska
Alaqus, Espaa
Alkmaar, The Netherlands
Bessacarr, England
Blaby, England
Carterton, England
Colne, England
Cosenza, Calabria
El Campello, Espaa
Fresnes, France
Frodsham, England
gueda, Portugal
Haguenau, France
Hollands Kroon, Nederland
Hoogeveen, Nederland
Hythe, England
Joinville-le-Pont, France
Kouvola, Suomi
Larne, Northern Ireland
Le Perreux-sur-Marne, France
Les Mureaux, France
Leusden, Nederland
Marple, England
Paos de Ferreira, Portugal
Pesaro, Marche
Prestatyn, Wales
Renkum, Nederland
San Javier, Espaa
San Lorenzo de El Escorial, Espaa
Santa Eulria des Riu, Espaa
Santander, Spain
Sesea, Espaa
Stapleford, England
Tavira, Portugal
Tiel, Nederland
Tiverton, England
Torcy, France
Tring, England
Al Jahra Camps, Kuwait
Al Mubarakiya Camps, Kuwait
Alzira, Espaa
Andjar, Espaa
Ash, South East
Ashtead, South East
Barcellona, Spagna
Beaconsfield, South East
Berlino, Germania
Bourg-la-Reine, France
Cartagena, Spain
Chipiona, Espaa
Danderyd, Sverige
Duisburg, Germany
Eivissa, Spain
El Vendrell, Espaa
Elbistan, Trkiye
Enniskillen, Northern Ireland
Epping, East
Haninge, Sverige
Houilles, France
Hrryda, Sverige
Huez, France
Ilhavo, Portugal
Illescas, Espaa
Kalmar, Sverige
Lucerne, Switzerland
Ludwigshafen am Rhein, Deutschland
Melksham, England
Mosc, Rusia
Narborough, England
Offenbach am Main, Deutschland
Punta Umbra, Espaa
Quimper, France
Ripley, England
San Roque, Espaa
Savona, Liguria
Segrate, Lombardia
Skvde, Sverige
Tranent, Scotland
Uden, Nederland
Villarrobledo, Espaa
Alaehir, Trkiye
Alfafar, Espaa
Almansa, Espaa
Almonte, Espaa
Andorra la Vieja, Andorra
Athis-Mons, France
Boothstown, England
Braov, Romnia
Buckingham, England
Caserta, Campania
Castellbisbal, Espaa
Chepstow, Wales
Coleshill, England
Deganwy, Wales
Dronten, Nederland
Eccleston, England
Esch-sur-Alzette, Luxembourg
Evesham, England
Frankfurt am Main, Alemania
Frth, Deutschland
Geldrop-Mierlo, Nederland
Gorinchem, Nederland
Grafenwhr, Deutschland
Hailsham, England
Hatfield, England
Herne, Deutschland
Horst aan de Maas, Nederland
Kotka, Suomi
Kungsbacka, Sverige
Le Bourget, France
Leek, England
Lepe, Espaa
Linz, Austria
Linz, sterreich
Lisbonne, Portugal
Marmaraerelisi, Trkiye
Midsomer Norton, England
Molins de Rei, Espaa
Morzine, France
Omagh, Northern Ireland
Petersfield, England
Pistoia, Toscana
Rauma, Suomi
Roskilde, Danmark
Ryton, England
Sandhurst, South East
Sesimbra, Portugal
Siracusa, Sicilia
Sprowston, England
Stocksbridge, England
Swanley, South East
Taima, Kuwait
Tonypandy, Wales
Toru, Polska
Ulverston, England
Venecia, Vneto
Whittle-le-Woods, England
Yksekova, Trkiye
Alenquer, Portugal
Anamur, Trkiye
Armagh, Northern Ireland
Arteixo, Espaa
Bedlington, England
Beringen, Belgi
Bunnik, Nederland
Burriana, Espaa
Busto Arsizio, Lombardia
Catarroja, Espaa
Cizre, Trkiye
Colombier-Saugnieu, France
Escaldes-Engordany, Andorra
Fafe, Portugal
Freiburg im Breisgau, Germany
Grasse, France
Helensburgh, Scotland
Heslington, England
Jena, Deutschland
Joensuu, Suomi
Kaarina, Suomi
Kolding, Danmark
Kristianstad, Sverige
Largs, Scotland
Liege, Belgium
Loiu, Espaa
Martorell, Espaa
Nazar, Portugal
Norton, England
Olsztyn, Polska
Osnabrck, Deutschland
Ourm, Portugal
Palermo, Sicily
Pisa, Tuscany
Poio, Espaa
Pontoise, France
Saint-Priest, France
Saltdean, England
Tandridge, South East
Thorpe Saint Andrew, England
Trofa, Portugal
Uckfield, England
Vorst, Belgi
Wetherby, England
Xirivella, Espaa
Agadir, Royaume du Maroc
Alcobendas, Spain
Almucar, Espaa
Arcos de la Frontera, Espaa
Birtley, England
Blanes, Espaa
Bloemendaal, Nederland
Caluire-et-Cuire, France
Castrilln, Espaa
Cove Bay, Scotland
Dhaher, Kuwait
Encamp, Andorra
Erbaa, Trkiye
Gagny, France
Gijn, Spain
Gladsaxe, Danmark
Haydock, England
Karlsruhe, Germany
Kemalpaa, Trkiye
Kesgrave, England
Llanera, Espaa
Los Palacios y Villafranca, Espaa
Ma, Espaa
Merzifon, Trkiye
Montrose, Scotland
Namur, Belgique
Neston, England
Orihuela, Spain
Ottignies-Louvain-la-Neuve, Belgique
Overbetuwe, Nederland
Rastrick, England
Rochford, East
Salo, Suomi
Salou, Espaa
Sant Joan d'Alacant, Espaa
Sant Josep de sa Talaia, Espaa
Seinjoki, Suomi
Sorrento, Campania
Sunningdale, South East
Tallinn, Eesti
Tarifa, Espaa
Tavistock, England
Torre-Pacheco, Espaa
Vernier, Suisse
Vinars, Espaa
Whitchurch, England
Winnersh, England
Yaiza, Spain
Aachen, Germany
Agdal, Royaume du Maroc
Algete, Espaa
Aubagne, France
Bargoed, Wales
Bormujos, Espaa
Boxtel, Nederland
Cambre, Espaa
Castelo Branco, Portugal
Coevorden, Nederland
Coupvray, France
Crowborough, England
Data, Trkiye
De Wolden, Nederland
Eastwood, England
Fontenay-aux-Roses, France
Galdakao, Espaa
Goeree-Overflakkee, Nederland
Hamburgo, Alemania
Haslemere, England
Huizen, Nederland
Igualada, Espaa
Igualada, Espanya
Jvea, Espaa
Le Plessis-Robinson, France
Llangollen, Wales
Lloret de Mar, Espaa
Lutterworth, England
Lymington, England
Maltby, England
Marco de Canaveses, Portugal
narck, Trkiye
North Berwick, Scotland
Nunspeet, Nederland
Nusaybin, Trkiye
Oude IJsselstreek, Nederland
Paracuellos de Jarama, Espaa
Poynton, England
Pozuelo de Alarcn, Spain
Raalte, Nederland
Rez, France
Ripollet, Espaa
Sabadell, Spain
Santiago de Compostela, Spain
Sassari, Sardegna
Stone, England
Tignes, France
Turhal, Trkiye
Viareggio, Toscana
Walton, England
Warminster, England
Wijchen, Nederland
Wolfsburg, Deutschland
Woodbridge, England
Wrzburg, Deutschland
Xtiva, Espaa
Yecla, Espaa
Altea, Espaa
Banbridge, Northern Ireland
Barber del Valls, Espaa
Belfort, France
Boulogne-sur-Mer, France
Brandon, England
Broxburn, Scotland
Carcassonne, France
Carluke, Scotland
Cartaxo, Portugal
Castilleja de la Cuesta, Espaa
Coria del Ro, Espaa
Cremona, Lombardia
Darton, England
Deuil-la-Barre, France
Diss, England
Elancourt, France
Gieen, Deutschland
Ginebra, Suiza
Godella, Espaa
Goole, England
Guisborough, England
Hussein Dey , Algeria
Kadirli, Trkiye
Kidlington, England
La Ciotat, France
Lier, Belgi
Ludwigsburg, Deutschland
Madeley, England
Mairena del Alcor, Espaa
Mont-Saint-Aignan, France
New Mills, England
Nish, Republic of Serbia
Noordenveld, Nederland
Ommen, Nederland
Ontinyent, Espaa
Patchway, England
Peacehaven, England
Pori, Suomi
Pozzuoli, Campania
Rostov-na-Donu, Russia
Salon-de-Provence, France
San Benedetto del Tronto, Marche
Santa Fe, Espaa
Savigny-sur-Orge, France
Seferihisar, Trkiye
Shuwaikh Administration, Kuwait
South Kirkby, England
Stoneywood, Scotland
Street, England
Torremolinos, Spain
Trappes, France
Tredegar, Wales
Villena, Espaa
Villiers-le-Bel, France
Viry-Chtillon, France
Vitrolles, France
Voorst, Nederland
Weert, Nederland
Anglet, France
Anvers, Belgique
Badalona, Spain
beda, Espaa
Beja, Portugal
Berkelland, Nederland
Caldicot, Wales
Cambrai, France
Carouge (GE), Suisse
Cehegn, Espaa
Chartres, France
Connah's Quay, Wales
Culemborg, Nederland
El Masnou, Espaa
Erandio, Espaa
Figueira da Foz, Portugal
Flint, Wales
Fontainebleau, France
Hasselt, Belgium
Hyvink, Suomi
Juvisy-sur-Orge, France
Kings Langley, East
Lieusaint, France
Loon op Zand, Nederland
Lyngby-Taarbk, Danmark
Mainz, Germany
Marinha Grande, Portugal
Meyzieu, France
Oldambt, Nederland
Olot, Espaa
Pontardawe, Wales
Porth, Wales
Rovaniemi, Suomi
Saint-Martin-d'Hres, France
Sandnes, Norge
Santa Perptua de Mogoda, Espaa
Schagen, Nederland
Sestao, Espaa
South Al Shoaib, Kuwait
Stanley, England
Ste, France
Stourport-on-Severn, England
Terneuzen, Nederland
Tuusula, Suomi
Veldhoven, Nederland
Wainscott, England
Addlestone, South East
Albi, France
Alczar de San Juan, Espaa
Almorad, Espaa
Amarante, Portugal
Asker, Norge
Beverwijk, Nederland
Bezons, France
Birchwood, England
Bochum, Germany
Bolzano, Trentino-Alto Adige
Bridgnorth, England
Brynmawr, Wales
Bthune, France
Carnoustie, Scotland
Castelnau-le-Lez, France
Chtenay-Malabry, France
Cologno Monzese, Lombardia
Corsham, England
Cortina d'Ampezzo, Veneto
Coubert, France
Dinas Powys, Wales
Estepona, Spain
Fleury-les-Aubrais, France
Foa, Trkiye
Foligno, Umbria
Gliwice, Polska
Haddington, Scotland
Hof van Twente, Nederland
Kaiserslautern, Germany
Kaunas, Lietuva
Keele, England
L'Aquila, Abruzzo
Lingewaard, Nederland
Lochem, Nederland
Louth, England
Medemblik, Nederland
Menton, France
Montauban, France
Mutxamel, Espaa
Naarden, Nederland
Nahda - South Sulibikhat, Kuwait
Nerja, Espaa
Nykping, Sverige
Oban, Scotland
Orly, France
Oswestry, England
Oudergem, Belgi
Ponte de Lima, Portugal
Ponteland, England
Quart de Poblet, Espaa
rnak, Trkiye
rnskldsvik, Sverige
Roeselare, Belgi
Rovaniemi, Finland
Saint-Brieuc, France
Saint-Josse-ten-Noode, Belgique
Sant Antoni de Portmany, Espaa
Solingen, Deutschland
Teguise, Spain
Thurmaston, England
Vaasa, Suomi
Val-d'Isre, France
Arezzo, Toscana
Basauri, Espaa
Best, Nederland
Biella, Piemonte
Bishop's Cleeve, England
Bo'ness, Scotland
Brackley, England
Buckley, Wales
Calahorra, Espaa
Catania, Sicily
Catanzaro, Calabria
Cinisello Balsamo, Lombardia
Condorrat, Scotland
Conil de la Frontera, Espaa
Constantine , Algeria
Coquelles, France
Crotone, Calabria
Croxley Green, East
Dalaman, Trkiye
Dulay Al Zunif, Kuwait
Enkping, Sverige
Epinal, France
Esposende, Portugal
Essaouira, Royaume du Maroc
Haverfordwest, Wales
Hoogezand-Sappemeer, Nederland
Hrouville-Saint-Clair, France
Ingolstadt, Deutschland
Innsbruck, sterreich
Karlskrona, Sverige
Kidsgrove, England
La Seyne-sur-Mer, France
Larkhall, Scotland
Le Cannet, France
March, England
Mons, Belgique
Mouscron, Belgique
Nevers, France
Newhaven, England
Orvault, France
Paris, Frankreich
Peniche, Portugal
Potsdam, Germany
Rome, Latium
Saint Julians, Wales
Saltash, England
Sant Andreu de la Barca, Espaa
Six-Fours-les-Plages, France
Skarsterln, Nederland
Sosnowiec, Polska
Steenwijkerland, Nederland
Stonehaven, Scotland
Surin, Srbija
Tewkesbury, England
Tudela, Espaa
Upplands-Vsby, Sverige
Vilnius, Lietuva
Vught, Nederland
Waalwijk, Nederland
Weesp, Nederland
Wells, England
Wimborne Minster, England
Zaltbommel, Nederland
Akehir, Trkiye
Aksu, Trkiye
Al Magwa, Kuwait
Al Qurayat, Kingdom of Saudi Arabia
Alessandria, Piemonte
Ampthill, England
Balloch, Scotland
Benavente, Portugal
Bourne, England
Brndby, Danmark
Brownhills, England
Calafell, Espaa
Carcaixent, Espaa
Cmara de Lobos, Portugal
Codsall, England
Colomiers, France
Compigne, France
Conflans-Sainte-Honorine, France
Courcouronnes, France
Cromer, England
Crosby, England
Cupar, Scotland
Edenthorpe, England
Errenteria, Espaa
Etterbeek, Belgique
Fair Oak, England
Felgueiras, Portugal
Ferno, Lombardia
Gttingen, Deutschland
Guadarrama, Espaa
Hoyland, England
Hvidovre, Danmark
Imola, Emilia Romagna
Inverurie, Scotland
Jaca, Espaa
Kirkham, England
Leiderdorp, Nederland
Livry-Gargan, France
Lodi, Lombardia
Los Alczares, Espaa
Luzern, Schweiz
Maassluis, Nederland
Maldon, East
Mantes-la-Ville, France
Mealhada, Portugal
Mnster, Germany
Montmel, Espaa
Ni, Srbija
Novelda, Espaa
Oegstgeest, Nederland
Paiporta, Espaa
Penicuik, Scotland
Redding, Scotland
Ringwood, England
Rudersdal, Danmark
Rye, England
Rzeszw, Polska
Sant Vicen dels Horts, Espaa
Saray, Trkiye
Shepton Mallet, England
South Oxhey, East
Tartu, Eesti
Tavanl, Trkiye
Tomar, Portugal
Tomelloso, Espaa
Torrevieja, Spain
Totnes, England
Towyn, Wales
Troisdorf, Deutschland
Valls, Espaa
Varsovia, Polonia
Veghel, Nederland
Voorschoten, Nederland
Whitburn, Scotland
Alfreton, England
Alsager, England
Amesbury, England
Anfa, Royaume du Maroc
Aranda de Duero, Espaa
Avellino, Campania
Binnenmaas, Nederland
Bollullos de la Mitacin, Espaa
Bottesford, England
Carballo, Espaa
Chatou, France
Ciempozuelos, Espaa
Cowes, England
Croix, France
Eaubonne, France
El Astillero, Espaa
Elvas, Portugal
Ermont, France
Esbjerg, Danmark
Fano, Marche
Fuengirola, Spain
Galashiels, Scotland
Gerrards Cross, South East
Grosseto, Toscana
Hamar, Norge
Harwich, England
Hendrik-Ido-Ambacht, Nederland
Horbury, England
Iai, Romnia
Ka, Trkiye
Kerkrade, Nederland
Keswick, England
Kimberley, England
Lambersart, France
Landgraaf, Nederland
L'Eliana, Espaa
Les Allues, France
Loos, France
Machelen, Belgi
Maesteg, Wales
Maracena, Espaa
Martos, Espaa
Mauguio, France
Mcon, France
Mountain Ash, Wales
Norderstedt, Deutschland
Ordino, Andorra
Osuna, Espaa
Pilagos, Espaa
Plympton, England
Pontnewydd, Wales
Rawmarsh, England
Regensburg, Deutschland
Richmond, England
Taverham, England
Teguise, Espaa
Trujillo, Espaa
Tynaarlo, Nederland
Vilanova i la Geltr, Espanya
Villajoyosa, Espaa
Abertillery, Wales
Alhaurn el Grande, Espaa
Aljaraque, Espaa
Almera, Spain
Anadia, Portugal
Arles, France
Ashby-de-la-Zouch, England
Azambuja, Portugal
Bari, Apulia
Barnardtown, Wales
Beveren, Belgi
Bgles, France
Brixham, England
Brssel, Belgien
Castricum, Nederland
Citt del Vaticano
Ciudad del Vaticano
Cumnock, Scotland
Dalfsen, Nederland
Dalgety Bay, Scotland
Drammen, Norge
Epe, Nederland
Featherstone, England
Flitwick, England
Hawick, Scotland
Heiloo, Nederland
Hellendoorn, Nederland
Herning, Danmark
IJsselstein, Nederland
Jou-ls-Tours, France
Kuusamo, Suomi
La Madeleine, France
Langedijk, Nederland
Le Bouscat, France
Le Chesnay, France
Lesquin, France
Mildenhall, England
Neuilly-Plaisance, France
Nizhniy Novgorod, Russia
Norrtlje, Sverige
Oisterwijk, Nederland
Old Colwyn, Wales
Parets del Valls, Espaa
Penryn, England
Pontault-Combault, France
Potenza, Basilicata
Rafha, Kingdom of Saudi Arabia
Rambouillet, France
Riba-roja de Tria, Espaa
Saint-Raphal, France
Sandy, England
Sanremo, Liguria
Santa Cruz, Portugal
Sawbridgeworth, East
Sliedrecht, Nederland
Staveley, England
Steeton, England
Torredembarra, Espaa
Torres Novas, Portugal
Uttoxeter, England
Villanueva de la Serena, Espaa
Vznar, Espaa
Wallingford, England
West Jahra, Kuwait
Zarautz, Espaa
znik, Trkiye
Angoulme, France
Annaba , Algeria
Archena, Espaa
Attleborough, England
Augsburg, Germany
Aviemore, Scotland
Baldock, England
Beccles, England
Bottrop, Deutschland
Btera, Espaa
Bunschoten, Nederland
Burhaniye, Trkiye
Burnham, South East
Calne, England
Chefchaouen, Royaume du Maroc
Chiswell Green, East
Cholet, France
Chraga , Algeria
Conisbrough, England
Cowdenbeath, Scotland
Currie, Scotland
Darmstadt, Germany
Dearne, England
Dilbeek, Belgi
Dublin, Irlande
Dunbar, Scotland
Dunoon, Scotland
Empoli, Toscana
Ermelo, Nederland
Faches-Thumesnil, France
Hanau, Deutschland
Heemstede, Nederland
Heilbronn, Deutschland
Holmes Chapel, England
Horsens, Danmark
Isla Cristina, Espaa
Keymer, England
Kilsyth, Scotland
Lanark, Scotland
L'Ha-les-Roses, France
Lissone, Lombardia
Llanllwchaiarn, Wales
Lymm, England
Maisons-Laffitte, France
Mantova, Lombardia
Marlborough, England
Massa, Toscana
Middlewich, England
Mrupe, Latvija
New Milton, England
Npoles, Campania
Opole, Polska
Peschiera Borromeo, Lombardia
Petrer, Espaa
Premi de Mar, Espaa
Redondela, Espaa
Ris-Orangis, France
Royal Wootton Bassett, England
Saltburn-by-the-Sea, England
Sant Cugat del Valls, Spain
Sant Pere de Ribes, Espaa
Sant Quirze del Valls, Espaa
Scandicci, Toscana
Schoten, Belgi
Sint-Pieters-Leeuw, Belgi
Skanderborg, Danmark
So Joo da Madeira, Portugal
stersund, Sverige
Stone, South East
Teignmouth, England
Tivoli, Lazio
Upton, England
Villemomble, France
Vrmd, Sverige
Waregem, Belgi
Westbury, England
Wierden, Nederland
Yateley, England
Aa en Hunze, Nederland
Aarschot, Belgi
Al Shaddadiyah, Kuwait
Al Shuwaikh Port, Kuwait
Alcal de Henares, Spain
Benahavs, Espaa
Beypazar, Trkiye
Bickington, England
Bideford, England
Bod, Norge
Borlnge, Sverige
Caerleon, Wales
Cesson-Svign, France
Chorzw, Polska
Ciutadella de Menorca, Espaa
Cookstown, Northern Ireland
Crevillente, Espaa
Cumnor, England
Dikili, Trkiye
Dursley, England
Emsworth, England
Enghien-les-Bains, France
Esslingen am Neckar, Deutschland
Faenza, Emilia Romagna
Finike, Trkiye
Glenfield, England
Goussainville, France
Grimbergen, Belgi
Guarda, Portugal
Haaksbergen, Nederland
Hazlemere, South East
Heemskerk, Nederland
Hellesdon, England
Heusden-Zolder, Belgi
Illkirch-Graffenstaden, France
La Baule-Escoublac, France
La Nucia, Espaa
La Valette-du-Var, France
Laguna de Duero, Espaa
Leinfelden-Echterdingen, Deutschland
Leven, Scotland
Lognes, France
Loja, Espaa
Manacor, Espaa
Marsh Mills, England
Martigues, France
Middelburg, Nederland
Mikkeli, Suomi
Mons-en-Baroeul, France
Mountsorrel, England
Neu-Ulm, Deutschland
Nurmijrvi, Suomi
Olbia, Sardegna
Oostende, Belgi
Paderno Dugnano, Lombardia
Padua, Veneto
Papendrecht, Nederland
Pforzheim, Deutschland
Pomezia, Lazio
Pontecorvo, Lazio
Pordenone, Friuli-Venezia Giulia
Porvoo, Suomi
Radom, Polska
Rhoose, Wales
Rio Maior, Portugal
Ruthin, Wales
San Don di Piave, Veneto
San Martn del Rey Aurelio, Espaa
Sankt Gallen, Schweiz
Sant Joan Desp, Espanya
Shanklin, England
South Al Sabahiya, Kuwait
Tbingen, Deutschland
Toledo, Spain
Toulouse, Francia
Towcester, England
Trondheim, Norge
Vernon, France
Verwood, England
Vilafranca del Peneds, Espanya
Villefranche-sur-Sane, France
Villiers-sur-Marne, France
Weststellingwerf, Nederland
Winsum, Nederland
Wisbech, England
Wombwell, England
Adra, Espaa
Aldridge, England
Armadale, Scotland
Armthorpe, England
Assisi, Umbria
Asti, Piemonte
Atherstone, England
Bagshot, South East
Benissa, Espaa
Bewdley, England
Bourg-Saint-Maurice, France
Braine-l'Alleud, Belgique
Calatayud, Espaa
Camborne, England
Chalon-sur-Sane, France
Cheslyn Hay, England
Chevilly-Larue, France
Chipping Sodbury, England
Civitavecchia, Lazio
Debrecen, Hungary
Dhajeej - South Farwaniya, Kuwait
Dungannon, Northern Ireland
Durango, Espaa
El Espinar, Espaa
Erlangen, Deutschland
Etten-Leur, Nederland
Ferndown, England
Fort William, Scotland
Geel, Belgi
Gilze en Rijen, Nederland
Giugliano in Campania, Campania
Guidonia Montecelio, Lazio
Haarlemmerliede en Spaarnwoude, Nederland
Herblay, France
Jesolo, Veneto
Jette, Belgi
Kerava, Suomi
Kielce, Polska
Kippax, England
Kzlcahamam, Trkiye
La Louvire, Belgique
Maurepas, France
Midden-Delfland, Nederland
Moerdijk, Nederland
Monmouth, Wales
Monterotondo, Lazio
Mortsel, Belgi
Navalmoral de la Mata, Espaa
New Addington, London
Nunthorpe, England
Olst-Wijhe, Nederland
Penistone, England
Plze, esk republika
Princes Risborough, England
Rivoli, Piemonte
Ruddington, England
Saint-Cyr-l'Ecole, France
Saint-Gratien, France
Sallent de Gllego, Espaa
Sandviken, Sverige
Saronno, Lombardia
Skellefte, Sverige
Sowerby, England
Stornoway, Scotland
Stranraer, Scotland
Tas, Espaa
Taverny, France
Tervuren, Belgi
Tournai, Belgique
Tower Hill, England
Trier, Deutschland
Turn, Piamonte
Vigevano, Lombardia
Vila Verde, Portugal
Vila-seca, Espaa
Wantage, England
West End, England
Westerveld, Nederland
Winterthur, Schweiz
Woodham, South East
Alcal del Ro, Espaa
Algemes, Espaa
Annemasse, France
Armentires, France
Ascoli Piceno, Marche
Asse, Belgi
Babaeski, Trkiye
Baeza, Espaa
Beyehir, Trkiye
Bishopton, Scotland
Brtigny-sur-Orge, France
Cabanillas del Campo, Espaa
Carnforth, England
Casalecchio di Reno, Emilia Romagna
Costessey, England
Denia, Spain
el Masnou, Espanya
Ellon, Scotland
Erdek, Trkiye
Frascati, Lazio
Fredrikstad, Norge
Fuenlabrada, Spain
Gera, Deutschland
Guillena, Espaa
Harefield, London
Hayle, England
Helston, England
Heusden, Nederland
Hnin-Beaumont, France
Holyhead, Wales
Hssleholm, Sverige
Hurcal de Almera, Espaa
Kenitra, Morocco
La Garriga, Espaa
Legans, Spain
Legnano, Lombardia
Lempl, Suomi
Limeil-Brvannes, France
Linwood, Scotland
Livin, France
Lousada, Portugal
Magherafelt, Northern Ireland
Maqbara, Kuwait
Merelbeke, Belgi
Minster On Sea, England
Montigny-ls-Metz, France
Montilla, Espaa
Montorns del Valls, Espaa
Moulton, England
Olivet, France
Orsay, France
Oslo, Noruega
Panevo, Srbija
Pembrey, Wales
Peterhead, Scotland
Pollena, Espaa
Prestonpans, Scotland
Radlett, East
Saint-Etienne-du-Rouvray, France
Sassuolo, Emilia Romagna
Seclin, France
Shepshed, England
Silkeborg, Danmark
Skegness, England
Staphorst, Nederland
Startforth, England
Teo, Espaa
Thira, Greece
Thornbury, England
Tnsberg, Norge
Uddevalla, Sverige
Utebo, Espaa
Uzunkpr, Trkiye
Vagos, Portugal
Valbonne, France
Varberg, Sverige
Vianen, Nederland
Wasquehal, France
Willingdon, England
Witten, Deutschland
Yarm, England
Yataan, Trkiye
Zermatt, Switzerland
Abbots Langley, East
Albolote, Espaa
Aspe, Espaa
Auxerre, France
Baarn, Nederland
Balsall Common, England
Benicarl, Espaa
Biddulph, England
Bingham, England
Bodmin, England
Boldon, England
Bourg-en-Bresse, France
Bretton, England
Bridport, England
Burgos, Spain
Cangas, Espaa
Cardedeu, Espaa
Cernusco sul Naviglio, Lombardia
Comber, Northern Ireland
Con, Espaa
Conwy, Wales
Cowbridge, Wales
Driffield, England
Duiven, Nederland
Echirolles, France
Fenay Bridge, England
Finchampstead, England
Great Baddow, East
Great Dunmow, East
Gtersloh, Deutschland
Haddenham, England
Hadley, England
Hay-Hassani, Royaume du Maroc
Hellevoetsluis, Nederland
Helsingr, Danmark
Higher End, England
Hilton, England
Huelva, Spain
Hurstpierpoint, England
Ilfracombe, England
Jena, Germany
Jms, Suomi
Jumilla, Espaa
Kahta, Trkiye
Kirkkonummi, Suomi
Kontich, Belgi
Kunglv, Sverige
La Pobla de Vallbona, Espaa
Leon, Spain
Lisbona, Portugal
Lisse, Nederland
Lneburg, Deutschland
Lyon, Francia
Maesycwmmer, Wales
Matera, Basilicata
Methil, Scotland
Mexborough, England
Miguelturra, Espaa
Montferland, Nederland
Montgat, Espaa
Muiden, Nederland
Nailsea, England
Narn, Espaa
Oldebroek, Nederland
Olot, Espanya
Ooststellingwerf, Nederland
Opfikon, Schweiz
Orange, France
Osny, France
Partille, Sverige
Pescola, Espaa
Plaisir, France
Prols, France
Raka, Srbija
Ratingen, Deutschland
Reutlingen, Deutschland
Rovigo, Veneto
Saint-Jean-de-la-Ruelle, France
Sherborne, England
Sienna, Tuscany
Sint-Michielsgestel, Nederland
Sopot, Polska
South Ockendon, East
Stewarton, Scotland
Subhan, Kuwait
Subotica, Srbija
Sueca, Espaa
Swanage, England
Torrejn de Ardoz, Spain
Tyres, Sverige
Urk, Nederland
Vern, Espaa
Viladecans, Espanya
Vilassar de Mar, Espaa
Villeneuve-le-Roi, France
Villetaneuse, France
Waddinxveen, Nederland
Wootton, England
Zafra, Espaa
Zuidhorn, Nederland
Abram, England
Adlington, England
Agadir, Morocco
Al Sulaibiya Residential, Kuwait
Alba, Piemonte
Ambleside, England
an, Trkiye
arky, Trkiye
atalca, Trkiye
Auchterarder, Scotland
Barcelona, Spanien
Bassano del Grappa, Veneto
Benasque, Espaa
Beylikdz, Trkiye
Blandford Forum, England
Bodegraven-Reeuwijk, Nederland
Bouguenais, France
Brhl, Deutschland
Bronckhorst, Nederland
Bude, England
Burlada, Espaa
Cabra, Espaa
Cagliari, Sardinia
Calella, Espaa
Cartaya, Espaa
Causewayhead, Scotland
Chantilly, France
Chlons-en-Champagne, France
Combs-la-Ville, France
Cuijk, Nederland
Czstochowa, Polska
Daimiel, Espaa
Demre, Trkiye
Doubayazt, Trkiye
Egs, Espaa
Eight Ash Green, England
Espartinas, Espaa
Estepa, Espaa
Et Taous, Royaume du Maroc
Falun, Sverige
Frinton-on-Sea, England
Gallarate, Lombardia
Gttingen, Germany
Hassan, Morocco
Helln, Espaa
Inchinnan, Scotland
Kings Hill, South East
Kniz, Schweiz
Kuurne, Belgi
Las Cabezas de San Juan, Espaa
Las Gabias, Espaa
Lattes, France
Ledbury, England
Liskeard, England
Lokeren, Belgi
Lourinh, Portugal
Louvres, France
Magor, Wales
Matar, Spain
Menai Bridge, Wales
Milford Haven, Wales
Milton, England
Moncalieri, Piemonte
Montluon, France
Ninove, Belgi
Noisiel, France
O Porrio, Espaa
Ogjares, Espaa
Olten, Schweiz
Partington, England
Pilar de la Horadada, Espaa
Rhymney, Wales
Riccione, Emilia Romagna
Rttvik, Sverige
Sainte-Genevive-des-Bois, France
Saint-Louis, France
Sankt Anton am Arlberg, Austria
Senigallia, Marche
Sesto Fiorentino, Toscana
Silla, Espaa
Southwater, England
Strabane, Northern Ireland
Tadcaster, England
Tanger Mdina, Royaume du Maroc
Thame, England
Tondu, Wales
Uithoorn, Nederland
Vallentuna, Sverige
Vercelli, Piemonte
Villenave-d'Ornon, France
Vilseck, Deutschland
Wombourne, England
Achres, France
Al Ardhiya Storage Zone, Kuwait
Albal, Espaa
Albrighton, England
Alcorcn, Spain
Almazora, Espaa
Alnwick, England
Amsterdam, Niederlande
Aprilia, Lazio
Arahal, Espaa
Avezzano, Abruzzo
Baden-Baden, Deutschland
Barbate, Espaa
Bernheze, Nederland
Beuningen, Nederland
Billinge, England
Bonneuil-sur-Marne, France
Bradford-on-Avon, England
Brindisi, Puglia
Brockworth, England
Bruxelas, Blgica
Capannori, Toscana
Castellammare di Stabia, Campania
Castelln de la Plana, Spain
Cayton, England
Chalfont Saint Peter, South East
Chapelhall, Scotland
Chigwell, East
Chorleywood, East
Churchdown, England
Coity, Wales
Coleford, England
Deinze, Belgi
Devrek, Trkiye
Ecully, France
Epernay, France
Eslv, Sverige
Forres, Scotland
Geraardsbergen, Belgi
Gines, Espaa
Grampound, England
Grande-Synthe, France
Halle, Belgi
Hill Head, England
Honiton, England
Hrth, Deutschland
Jette, Belgique
Kaiserslautern, Deutschland
Kinross, Scotland
Kocaali, Trkiye
Kristiansand, Norway
la Garriga, Espanya
Le Pr-Saint-Gervais, France
Lee-on-the-Solent, England
Les Lilas, France
Les Ulis, France
Llantwit Major, Wales
Lormont, France
Lyme Regis, England
Madridejos, Espaa
Medina del Campo, Espaa
Meerbusch, Deutschland
Moissy-Cramayel, France
Montfermeil, France
Munique, Alemanha
Naut Aran, Espaa
Neuilly-sur-Marne, France
Njar, Espaa
North Walsham, England
Olivenza, Espaa
Padstow, England
Pamplona, Spain
Pencoed, Wales
Pozoblanco, Espaa
Prudhoe, England
Rdovre, Danmark
Requena, Espaa
Ringland, Wales
Saint-Ouen-l'Aumne, France
Sanlcar la Mayor, Espaa
Sant Sadurn d'Anoia, Espaa
Santiago do Cacm, Portugal
Sanxenxo, Espaa
Savigny-le-Temple, France
Sitges, Espanya
Sola, Norge
Stamford Bridge, England
Thorne, England
Tilougguite, Royaume du Maroc
Torpoint, England
Tortosa, Espaa
Totana, Espaa
Treharris, Wales
Trollhttan, Sverige
Tubize, Belgique
Ubrique, Espaa
Upper Hale, England
Vecss, Magyarorszg
Wattrelos, France
Welshpool, Wales
Wetteren, Belgi
Wooburn, England
Zabrze, Polska
Zemst, Belgi
Zwijndrecht, Belgi
abac, Srbija
Agen, France
Al Sulaibiya Industrial 2, Kuwait
Alcal la Real, Espaa
Ammanford, Wales
Amorebieta-Etxano, Espaa
Anzio, Lazio
Arcore, Lombardia
Ballerup, Danmark
Ballyclare, Northern Ireland
Banyoles, Espanya
Biggin Hill, London
Bollington, England
Brecht, Belgi
Bremerhaven, Deutschland
Budapest, Hongrie
Calvi, Spain
Cascina, Toscana
Casole d'Elsa, Toscana
Castres, France
Cerdanyola del Valls, Spain
Chaves, Portugal
Chipping Norton, England
Colonia, Alemania
Cullera, Espaa
Deauville, France
Denbigh, Wales
Dinkelland, Nederland
Dreux, France
Dykehead, Scotland
Earl Shilton, England
East Brunton, England
Elburg, Nederland
Erfurt, Germany
Evere, Belgi
Evergem, Belgi
Feniscowles, England
Frogmore, South East
Genk, Belgium
Giessenlanden, Nederland
Gwersyllt, Wales
Hagley, England
Hamworthy, England
Haro, Espaa
Hemsworth, England
Ingatestone, East
Iserlohn, Deutschland
Istres, France
Kge, Danmark
Kokkola, Suomi
La Garde, France
La Roca del Valls, Espaa
Las Torres de Cotillas, Espaa
Lidkping, Sverige
Llanes, Espaa
Lohja, Suomi
lora, Espaa
Lossiemouth, Scotland
Market Deeping, England
Marly, France
Mohammedia, Royaume du Maroc
Moira, Northern Ireland
Monifieth, Scotland
Mons, Belgium
Montoro, Espaa
Moralzarzal, Espaa
Mottram in Longdendale, England
Moulins, France
Noordwijkerhout, Nederland
O Carballio, Espaa
Old Windsor, South East
Onda, Espaa
Palma del Ro, Espaa
Pembroke Dock, Wales
Penshaw, England
Polignano a Mare, Puglia
Portalegre, Portugal
Rapallo, Liguria
Rojales, Espaa
Ronchin, France
Rota, Spain
Saint-Pierre-des-Corps, France
San Agustn del Guadalix, Espaa
San Andrs del Rabanedo, Espaa
San Pedro del Pinatar, Espaa
Sant Feliu de Llobregat, Espanya
Sens, France
Sitges, Spain
Skelmanthorpe, England
Slagelse, Danmark
Sotteville-ls-Rouen, France
Southwell, England
Stevenston, Scotland
Suru, Trkiye
Thornton, England
ubuk, Trkiye
Unterfhring, Deutschland
Vallauris, France
Valverde del Camino, Espaa
Vichy, France
Villalbilla, Espaa
Virginia Water, South East
Vitoria-Gasteiz, Spain
Whitburn, England
Aartselaar, Belgi
Achtkarspelen, Nederland
Albertslund, Danmark
Alcdia, Espaa
Alingss, Sverige
Alway, Wales
Amposta, Espaa
Argentona, Espaa
Arnouville, France
Ascot, South East
Ayamonte, Espaa
Aziziye, Trkiye
Bamberg, Deutschland
Barrow upon Soar, England
Barton-Upon-Humber, England
Baza, Espaa
Benicasim, Espaa
Biot, France
Birkenshaw, England
Bouzarah , Algeria
Brescia, Lombardy
Callander, Scotland
Camaiore, Toscana
Cassino, Lazio
Ceut, Espaa
Chilworth, England
Chivasso, Piemonte
Clichy-sous-Bois, France
Constanta, Romania
Crema, Lombardia
Cribbs Causeway, England
Crowthorne, England
Dawlish, England
Denmead, England
Eckington, England
Eibar, Espaa
Erci, Trkiye
Euxton, England
Evere, Belgique
Greenisland, Northern Ireland
Grottaglie, Puglia
Hadleigh, England
Helsingfors, Finland
Heumen, Nederland
Hillerd, Danmark
Hje-Taastrup, Danmark
Hockley, East
Hulst, Nederland
Jaen, Spain
Kaag en Braassem, Nederland
Karapnar, Trkiye
Kifisia, Greece
Knebworth, England
Kraljevo, Srbija
La Lnea de la Concepcin, Spain
Landsmeer, Nederland
Leudal, Nederland
Llinars del Valls, Espaa
Loanhead, Scotland
London Colney, East
Lora del Ro, Espaa
Lrenskog, Norge
Macerata, Marche
Malkara, Trkiye
Marino, Lazio
Marn, Espaa
Maxville, France
Mazarrn, Espaa
Mcot-la-Plagne, France
Megve, France
Meltham, England
Milo, Lombardia
Moers, Deutschland
Moss, Norge
Nelson, England
Neu-Isenburg, Deutschland
Nouaceur, Royaume du Maroc
Nstved, Danmark
Oliveira do Bairro, Portugal
Oost Gelre, Nederland
Oud-Beijerland, Nederland
Paddock Wood, England
Patra, Greece
Peebles, Scotland
Pirkkala, Suomi
Porto de Ms, Portugal
Ragusa, Sicilia
Ruda lska, Polska
Saarbrcken, Germany
Saint-Sbastien-sur-Loire, France
San Cibrao das Vias, Espaa
San Lazzaro di Savena, Emilia Romagna
Santa Cruz de Bezana, Espaa
Santiponce, Espaa
Sarpsborg, Norge
Schwerin, Deutschland
Seregno, Lombardia
Somercotes, England
Strensall, England
Sur, Trkiye
Tangier Medina, Morocco
Temse, Belgi
Tenby, Wales
Tenterden, England
Trethomas, Wales
Treviglio, Lombardia
Ttouan, Royaume du Maroc
Twenterand, Nederland
Ulm, Deutschland
Valkenswaard, Nederland
Vcar, Espaa
Villaviciosa, Espaa
Villeneuve-Loubet, France
Vize, Trkiye
Waddington, England
Wels, sterreich
Wendover, England
Winterswijk, Nederland
Wivenhoe, England
Yaxley, England
Zielona Gra, Polska
Alblasserdam, Nederland
Albrandswaard, Nederland
Allauch, France
Alpedrete, Espaa
Alta, Norge
Annakhil, Royaume du Maroc
Arcachon, France
Assoukhour Assawda, Royaume du Maroc
Bad Vilbel, Deutschland
Badajoz, Spain
Ballycastle, Northern Ireland
Benevento, Campania
Bergeijk, Nederland
Bielsko-Biaa, Polska
Bni Makada, Royaume du Maroc
Bolton-le-Sands, England
Boxmeer, Nederland
Brightons, Scotland
Broughton, England
Brujas, Blgica
Brunoy, France
Bry-sur-Marne, France
Calenzano, Toscana
Cangas de Ons, Espaa
Cefn-Mawr, Wales
Cenon, France
Cervia, Emilia Romagna
Cesenatico, Emilia Romagna
Chaville, France
Chieti, Abruzzo
Ciampino, Lazio
Cormeilles-en-Parisis, France
Cornell de Llobregat, Espanya
Cromstrijen, Nederland
Dasman, Kuwait
Delfzijl, Nederland
Deurne, Nederland
Dietikon, Schweiz
Dren, Deutschland
Dromore, Northern Ireland
Ecublens (VD), Suisse
Esplugues de Llobregat, Espanya
Eysines, France
Farncombe, England
Fredericia, Danmark
Fures, Danmark
Gante, Blgica
Gazipaa, Trkiye
Gediz, Trkiye
Gerede, Trkiye
Gozn, Espaa
Grasscroft, England
Great Shelford, England
Halstead, East
Harelbeke, Belgi
Hattingen, Deutschland
Heathfield, England
Herlev, Danmark
Hillegom, Nederland
Histon, England
Houthalen-Helchteren, Belgi
Hudiksvall, Sverige
Jrmala, Latvija
Kiel, Germany
Killamarsh, England
Knottingley, England
Kursk, Russia
La Vall d'Uix, Espaa
La Zubia, Espaa
Landskrona, Sverige
Laon, France
Le Me-sur-Seine, France
Lecco, Lombardia
Leksand, Sverige
Les Gets, France
Limburg an der Lahn, Deutschland
Lissabon, Portugal
Lochgelly, Scotland
Lubin, Polska
Lugano, Switzerland
Maasmechelen, Belgi
Marburg, Deutschland
Marsala, Sicilia
Martlesham Heath, England
Mchouar Kasba, Royaume du Maroc
Molenwaard, Nederland
Moncada, Espaa
Montbliard, France
Montcada i Reixac, Espanya
Montlimar, France
Montreux, Suisse
Muskiz, Espaa
Mut, Trkiye
New York, England
Newcastle, Northern Ireland
Nieuwkoop, Nederland
Nokia, Suomi
Ocaa, Espaa
Oirschot, Nederland
Ostend, Belgium
Ozoir-la-Ferrire, France
Paderborn, Germany
Picassent, Espaa
Pinebrook, England
Pock, Polska
Pontedera, Toscana
Puol, Espaa
Putten, Nederland
Quartu Sant'Elena, Sardegna
Recklinghausen, Deutschland
Rieti, Lazio
Rossington, England
Roveredo in Piano, Friuli-Venezia Giulia
Rozzano, Lombardia
Sada, Espaa
Saint Blazey, England
Salobrea, Espaa
Salt, Espaa
Salzgitter, Deutschland
Sandefjord, Norge
Sant Boi de Llobregat, Espanya
Schouwen-Duiveland, Nederland
Seraing, Belgique
Shildon, England
Simav, Trkiye
Sines, Portugal
South Woodham Ferrers, East
Stansted Mountfitchet, East
Steenbergen, Nederland
Stockholm, Sude
Stratton, England
Sucy-en-Brie, France
Tilbury, East
Tolosa, Espaa
Tonyrefail, Wales
Tubbergen, Nederland
Vejer de la Frontera, Espaa
Venray, Nederland
Verrires-le-Buisson, France
Vila Real de Santo Antnio, Portugal
Villarosa, Sicilia
Vimodrone, Lombardia
Wallisellen, Schweiz
Warrenpoint, Northern Ireland
Warton, England
Wells-next-the-Sea, England
Woluwe-Saint-Lambert, Belgique
Woodstock, England
Wormerland, Nederland
Yaiza, Espaa
Yutz, France
Abbeville, France
Aberaman, Wales
Ablon-sur-Seine, France
Acpayam, Trkiye
Agde, France
Aix-les-Bains, France
Anstey, England
Auch, France
Avanos, Trkiye
Baar, Schweiz
Bad Homburg vor der Hhe, Deutschland
Balma, France
Beaune, France
Belluno, Veneto
Billund, Danmark
Blanes, Espanya
Bornheim, Deutschland
Brasschaat, Belgi
Brigg, England
Brockenhurst, England
Brummen, Nederland
Brunssum, Nederland
Bytom, Polska
Cabezn de la Sal, Espaa
Carrara, Toscana
Cerveteri, Lazio
Chellaston, England
Chilly-Mazarin, France
Clowne, England
Cognac, France
Collingham, England
Coria, Espaa
Cuarte de Huerva, Espaa
De Marne, Nederland
Derio, Espaa
Desborough, England
Downham Market, England
Draguignan, France
Draveil, France
Duffield, England
Eemsmond, Nederland
El Puerto de Santa Mara, Spain
el Vendrell, Espanya
Elbeuf, France
Eragny, France
Eschborn, Deutschland
Esparreguera, Espaa
Estarreja, Portugal
Etampes, France
Figueres, Espanya
Forfar, Scotland
Garching bei Mnchen, Deutschland
Gorizia, Friuli-Venezia Giulia
Greve, Danmark
Haugesund, Norge
Haworth, England
Heerde, Nederland
Heraklion, Greece
Herent, Belgi
Hesperange, Luxembourg
Hollywood, England
Hungerford, England
Hunstanton, England
Hutor Tjar, Espaa
Ivybridge, England
Kangasala, Suomi
Kingsteignton, England
Koekelberg, Belgi
Koszalin, Polska
Ladispoli, Lazio
L'Alfs del Pi, Espaa
Lamezia Terme, Calabria
Laren, Nederland
Le Touquet-Paris-Plage, France
Les Ponts-de-C, France
Liepja, Latvija
Llantwit Fardre, Wales
Lleida, Spain
Lochristi, Belgi
Ludlow, England
Magny-le-Hongre, France
Mandelieu-la-Napoule, France
Melle, Belgi
Monopoli, Puglia
Montesilvano, Abruzzo
Montigny-ls-Cormeilles, France
Montijo, Espaa
Montvrain, France
Moor Park, East
Mora, Sverige
Mos, Espaa
ncirliova, Trkiye
Newbiggin-by-the-Sea, England
Oberursel (Taunus), Deutschland
Olney, England
Olomouc, esk republika
Oostkamp, Belgi
Ourense, Spain
Palau-solit I Plegamans, Espaa
Pardubice, esk republika
Peel en Maas, Nederland
Peschiera del Garda, Veneto
Pietrasanta, Toscana
Portici, Campania
Portrush, Northern Ireland
Puente Genil, Espaa
Raisio, Suomi
Ribadesella, Espaa
Rodos, Greece
Roissy-en-Brie, France
Roquetes, Espaa
Sabah Al Salem University City, Kuwait
Saint-Amand-les-Eaux, France
Saint-Fons, France
Saint-L, France
Sannois, France
Sant Feliu de Guxols, Espaa
Santa Marta de Tormes, Espaa
Saran, France
Sebastopol, Wales
Sherburn In Elmet, England
Sorgun, Trkiye
South Hayling, England
sterker, Sverige
Suances, Espaa
Trelleborg, Sverige
Trento, Trentino-South Tyrol
Tychy, Polska
Viator, Espaa
Villafranca di Verona, Veneto
Villaquilambre, Espaa
Voronezh, Russia
Wadebridge, England
Wartkowice, Polska
Winterthur, Switzerland
Worms, Deutschland
Zandvoort, Nederland
Zedelgem, Belgi
Zevenaar, Nederland
Zrenjanin, Srbija
Zrich, Suiza
